{"cameraMode":{"drawMode":0,"name":"Shaded","section":"Shading Mode"},"sceneLighting":false,"audioPlay":false,"sceneViewState":{"showFog":true,"showMaterialUpdate":false,"showSkybox":true,"showFlares":true,"showImageEffects":true,"showParticleSystems":true},"in2DMode":false,"pivot":{"x":1103.913330078125,"y":479.0760192871094,"z":67.94354248046875},"rotation":{"x":0.07972148805856705,"y":-0.009566436521708966,"z":0.0007651640917174518,"w":0.9967710375785828},"size":793.6445922851563,"orthographic":false}